{"encoder": "one-hot", "scaler": "robust", "imputer": "knn", "imputer_params": {"add_indicator": false, "n_neighbors": 9, "weights": "distance"}, "balancer": "none", "balancer_params": {}, "c": "{\"('grid', 'c')\":{\"0\":0.0002682696,\"1\":0.0002682696,\"2\":0.0013894955,\"3\":0.0002682696,\"4\":0.0002682696,\"5\":3727.5937203149,\"6\":0.0002682696,\"7\":26.8269579528,\"8\":0.0013894955,\"9\":138.9495494373,\"10\":138.9495494373,\"11\":19306.9772888325,\"12\":0.0002682696,\"13\":5.1794746792,\"14\":19306.9772888325,\"15\":0.0002682696,\"16\":0.0002682696,\"17\":0.0002682696,\"18\":26.8269579528,\"19\":719.6856730012,\"20\":719.6856730012,\"21\":3727.5937203149,\"22\":5.1794746792,\"23\":0.0013894955,\"24\":0.0000517947,\"25\":0.0002682696,\"26\":0.0002682696,\"27\":138.9495494373,\"28\":0.0002682696,\"29\":0.0013894955,\"30\":0.0013894955,\"31\":0.0013894955,\"32\":0.0013894955,\"33\":0.0000517947,\"34\":0.0013894955,\"35\":0.0002682696,\"36\":0.0013894955,\"37\":0.0002682696,\"38\":0.0013894955,\"39\":0.0013894955,\"40\":0.0002682696,\"41\":0.0013894955,\"42\":0.0002682696,\"43\":1.0,\"44\":0.0002682696,\"45\":0.0002682696,\"46\":719.6856730012,\"47\":0.0002682696,\"48\":0.0002682696,\"49\":0.0002682696,\"50\":0.0002682696,\"51\":0.0013894955,\"52\":0.0002682696,\"53\":138.9495494373,\"54\":0.0002682696,\"55\":0.0002682696,\"56\":719.6856730012,\"57\":5.1794746792,\"58\":719.6856730012,\"59\":0.0002682696,\"60\":0.0002682696,\"61\":0.0002682696,\"62\":1.0,\"63\":5.1794746792,\"64\":19306.9772888325,\"65\":0.0013894955,\"66\":0.0002682696,\"67\":5.1794746792,\"68\":0.0002682696,\"69\":138.9495494373,\"70\":0.0013894955,\"71\":0.0013894955,\"72\":0.0013894955,\"73\":0.1930697729,\"74\":5.1794746792,\"75\":19306.9772888325,\"76\":0.0002682696,\"77\":0.0013894955,\"78\":0.0002682696,\"79\":5.1794746792,\"80\":0.0002682696,\"81\":0.0002682696,\"82\":0.0002682696,\"83\":0.0000517947,\"84\":0.0002682696,\"85\":26.8269579528,\"86\":3727.5937203149,\"87\":26.8269579528,\"88\":100000.0,\"89\":5.1794746792,\"90\":100000.0,\"91\":0.0013894955,\"92\":100000.0,\"93\":3727.5937203149,\"94\":5.1794746792,\"95\":100000.0,\"96\":0.0013894955,\"97\":719.6856730012,\"98\":26.8269579528,\"99\":138.9495494373},\"('grid', 'gms')\":{\"0\":0.4471993325,\"1\":0.4332846112,\"2\":0.3812942133,\"3\":0.410929589,\"4\":0.4392642213,\"5\":0.4508703986,\"6\":0.4315447828,\"7\":0.4268197651,\"8\":0.4333555776,\"9\":0.3820882735,\"10\":0.4295690118,\"11\":0.4006416308,\"12\":0.4653925015,\"13\":0.4622638351,\"14\":0.4550817319,\"15\":0.4266880405,\"16\":0.4509978992,\"17\":0.4021892509,\"18\":0.4265840734,\"19\":0.4074187244,\"20\":0.4226518271,\"21\":0.4463828856,\"22\":0.418261756,\"23\":0.394510933,\"24\":0.4041696048,\"25\":0.4321274467,\"26\":0.4425227858,\"27\":0.450087473,\"28\":0.412450308,\"29\":0.4215142897,\"30\":0.4308565815,\"31\":0.4484320839,\"32\":0.4278821793,\"33\":0.4410108359,\"34\":0.4447301139,\"35\":0.4315323129,\"36\":0.4577046415,\"37\":0.4649493072,\"38\":0.4124682093,\"39\":0.4449717524,\"40\":0.4311932958,\"41\":0.4906375782,\"42\":0.4238146898,\"43\":0.4100252894,\"44\":0.4071194726,\"45\":0.4471156872,\"46\":0.4648353251,\"47\":0.4644412378,\"48\":0.4012894192,\"49\":0.4072686487,\"50\":0.430240136,\"51\":0.4469674429,\"52\":0.3912410768,\"53\":0.4050228148,\"54\":0.4182587475,\"55\":0.4499200222,\"56\":0.4476774697,\"57\":0.4401435871,\"58\":0.439509054,\"59\":0.4425285275,\"60\":0.4584426859,\"61\":0.4411554666,\"62\":0.4480782396,\"63\":0.4190833662,\"64\":0.4071131813,\"65\":0.4247285159,\"66\":0.4017455146,\"67\":0.4167315875,\"68\":0.4492567835,\"69\":0.4221286718,\"70\":0.4723368475,\"71\":0.4255391081,\"72\":0.4295345499,\"73\":0.454510883,\"74\":0.4627591006,\"75\":0.4434826973,\"76\":0.4413276489,\"77\":0.4030608374,\"78\":0.4418697752,\"79\":0.4038698742,\"80\":0.4017639736,\"81\":0.4114895627,\"82\":0.4504990736,\"83\":0.4381342282,\"84\":0.4213473391,\"85\":0.4309578834,\"86\":0.4335787456,\"87\":0.3916123377,\"88\":0.4237201941,\"89\":0.4139566187,\"90\":0.4390818482,\"91\":0.4359949363,\"92\":0.441584052,\"93\":0.4066222436,\"94\":0.3997029455,\"95\":0.4478353932,\"96\":0.4482913487,\"97\":0.4789509304,\"98\":0.4297919515,\"99\":0.4306437433},\"('bayes', 'c')\":{\"0\":0.0008590318,\"1\":0.0003272015,\"2\":0.0014062845,\"3\":0.0000906549,\"4\":0.0029029007,\"5\":29.8894130506,\"6\":0.0005261132,\"7\":37414.2061754706,\"8\":0.0002071181,\"9\":247.8293806534,\"10\":48.3068815634,\"11\":236.7685142753,\"12\":0.0005995015,\"13\":0.0002527587,\"14\":24.9849772447,\"15\":30.1035367984,\"16\":0.0005334571,\"17\":0.0004822215,\"18\":105.1754521098,\"19\":36792.0510565148,\"20\":0.000752358,\"21\":33087.6942017631,\"22\":282.4267086703,\"23\":0.0026077744,\"24\":162.4002836369,\"25\":0.0007340578,\"26\":0.0008411392,\"27\":7574.4125622155,\"28\":0.0003222943,\"29\":0.000275868,\"30\":0.0004164271,\"31\":0.00579099,\"32\":0.2802009794,\"33\":0.0001559849,\"34\":0.0004734842,\"35\":0.0000776463,\"36\":0.000867152,\"37\":0.0005393942,\"38\":0.0014986253,\"39\":0.000574893,\"40\":0.0002769596,\"41\":0.0004327015,\"42\":0.0004512383,\"43\":10.6253189572,\"44\":100000.0,\"45\":0.000137891,\"46\":2936.6647663408,\"47\":0.0006270787,\"48\":52.0458496065,\"49\":627.8839815152,\"50\":345.1785718611,\"51\":0.0002766748,\"52\":100000.0,\"53\":0.0001486998,\"54\":0.0004413014,\"55\":2.2456358943,\"56\":44551.8898529099,\"57\":10611.6047016901,\"58\":100000.0,\"59\":0.0006727091,\"60\":0.0158474456,\"61\":0.0001308848,\"62\":0.2880978991,\"63\":2682.5628791372,\"64\":100000.0,\"65\":0.00124714,\"66\":0.0001793712,\"67\":92632.4061981238,\"68\":0.0004801124,\"69\":100000.0,\"70\":0.0034944484,\"71\":0.0004392251,\"72\":0.0009801252,\"73\":0.003047926,\"74\":28.8782496545,\"75\":370.412563531,\"76\":0.0003231712,\"77\":1.7990338449,\"78\":0.0002645457,\"79\":0.0008596599,\"80\":0.0005233657,\"81\":0.0001879741,\"82\":1762.1591349936,\"83\":0.0002264593,\"84\":0.000700732,\"85\":0.0005440184,\"86\":35321.2705889572,\"87\":5.3439151783,\"88\":11.6527448781,\"89\":10.1578902249,\"90\":100000.0,\"91\":0.0005102832,\"92\":0.0004841878,\"93\":99557.6900429075,\"94\":3.2076621176,\"95\":1375.7608163723,\"96\":1.3733043473,\"97\":100000.0,\"98\":3404.1735924847,\"99\":4368.2822924854},\"('bayes', 'gms')\":{\"0\":0.4553614329,\"1\":0.4425130702,\"2\":0.3875320885,\"3\":0.4201586663,\"4\":0.4319795392,\"5\":0.464756706,\"6\":0.4450975822,\"7\":0.4070692802,\"8\":0.4104385961,\"9\":0.3803877453,\"10\":0.4591454476,\"11\":0.4155673198,\"12\":0.4649712482,\"13\":0.4465579693,\"14\":0.4527989876,\"15\":0.4335784678,\"16\":0.4538343663,\"17\":0.430399439,\"18\":0.4339492402,\"19\":0.414387063,\"20\":0.4427388046,\"21\":0.4714658715,\"22\":0.4134103391,\"23\":0.3870315003,\"24\":0.4247913564,\"25\":0.4364791937,\"26\":0.4554899018,\"27\":0.4411991455,\"28\":0.4220112827,\"29\":0.4266913815,\"30\":0.4523778496,\"31\":0.4507188694,\"32\":0.4252876568,\"33\":0.4430998153,\"34\":0.4577923804,\"35\":0.4331295509,\"36\":0.4620682714,\"37\":0.4490089799,\"38\":0.4234932911,\"39\":0.4598600754,\"40\":0.4236876242,\"41\":0.4839700255,\"42\":0.4308420932,\"43\":0.3998157078,\"44\":0.3946700288,\"45\":0.4558659538,\"46\":0.4630600416,\"47\":0.4728950502,\"48\":0.4006851784,\"49\":0.4059529206,\"50\":0.4291167194,\"51\":0.4550657125,\"52\":0.4013630173,\"53\":0.4215019172,\"54\":0.4387462066,\"55\":0.4396382142,\"56\":0.4474381269,\"57\":0.4426257005,\"58\":0.4441294278,\"59\":0.4513859574,\"60\":0.4073117459,\"61\":0.4248318987,\"62\":0.4229699269,\"63\":0.4161690475,\"64\":0.410782954,\"65\":0.4236422078,\"66\":0.4009328163,\"67\":0.4109421549,\"68\":0.4746709802,\"69\":0.416399311,\"70\":0.4638975488,\"71\":0.4260275748,\"72\":0.4176847212,\"73\":0.4570211802,\"74\":0.4595065311,\"75\":0.4327399069,\"76\":0.4411464971,\"77\":0.4089351087,\"78\":0.4385156058,\"79\":0.4129578033,\"80\":0.4232206232,\"81\":0.4201054584,\"82\":0.3812890348,\"83\":0.4400634243,\"84\":0.4356687768,