{"encoder": "one-hot", "scaler": "robust", "imputer": "knn", "imputer_params": {"add_indicator": false, "n_neighbors": 9, "weights": "distance"}, "balancer": "none", "balancer_params": {}, "knnc": "{\"k_opt\":{\"0\":25,\"1\":25,\"2\":5,\"3\":25,\"4\":20,\"5\":5,\"6\":5,\"7\":20,\"8\":25,\"9\":5,\"10\":15,\"11\":25,\"12\":15,\"13\":15,\"14\":20,\"15\":20,\"16\":25,\"17\":5,\"18\":5,\"19\":5,\"20\":5,\"21\":25,\"22\":15,\"23\":5,\"24\":10,\"25\":15,\"26\":20,\"27\":25,\"28\":25,\"29\":25,\"30\":10,\"31\":5,\"32\":10,\"33\":5,\"34\":5,\"35\":20,\"36\":5,\"37\":5,\"38\":15,\"39\":10,\"40\":25,\"41\":5,\"42\":15,\"43\":5,\"44\":20,\"45\":20,\"46\":25,\"47\":20,\"48\":25,\"49\":15,\"50\":25,\"51\":25,\"52\":10,\"53\":25,\"54\":20,\"55\":25,\"56\":25,\"57\":25,\"58\":25,\"59\":5,\"60\":25,\"61\":5,\"62\":5,\"63\":10,\"64\":25,\"65\":5,\"66\":25,\"67\":5,\"68\":25,\"69\":5,\"70\":10,\"71\":25,\"72\":5,\"73\":15,\"74\":5,\"75\":25,\"76\":15,\"77\":25,\"78\":15,\"79\":5,\"80\":25,\"81\":20,\"82\":25,\"83\":10,\"84\":5,\"85\":10,\"86\":15,\"87\":5,\"88\":25,\"89\":15,\"90\":10,\"91\":20,\"92\":20,\"93\":5,\"94\":25,\"95\":5,\"96\":15,\"97\":10,\"98\":25,\"99\":10},\"gms\":{\"0\":0.4233071109,\"1\":0.4087080754,\"2\":0.3990284127,\"3\":0.4437854955,\"4\":0.4112078755,\"5\":0.4459135966,\"6\":0.3881176121,\"7\":0.4318747431,\"8\":0.4570809358,\"9\":0.3987167752,\"10\":0.419722978,\"11\":0.4345870928,\"12\":0.4222787717,\"13\":0.4436594403,\"14\":0.4459736411,\"15\":0.411517971,\"16\":0.4789585362,\"17\":0.4031743482,\"18\":0.4207626467,\"19\":0.4370483662,\"20\":0.4196390822,\"21\":0.4264078944,\"22\":0.4402397364,\"23\":0.4138192309,\"24\":0.4184519931,\"25\":0.4479447178,\"26\":0.4036194512,\"27\":0.3972809907,\"28\":0.4032904809,\"29\":0.4064782333,\"30\":0.4030673667,\"31\":0.4196419439,\"32\":0.4554610163,\"33\":0.4442017481,\"34\":0.4210526947,\"35\":0.4427661322,\"36\":0.4411335916,\"37\":0.4023514303,\"38\":0.4221543386,\"39\":0.4180238524,\"40\":0.4510865991,\"41\":0.4846322049,\"42\":0.4055957834,\"43\":0.4216929127,\"44\":0.437981467,\"45\":0.437940918,\"46\":0.4356453022,\"47\":0.429861747,\"48\":0.4446513093,\"49\":0.4072180794,\"50\":0.4349755558,\"51\":0.4578299756,\"52\":0.4110909496,\"53\":0.4131482264,\"54\":0.4258754269,\"55\":0.4416171738,\"56\":0.4592347444,\"57\":0.39816294,\"58\":0.4564685871,\"59\":0.428160694,\"60\":0.4504838105,\"61\":0.4339806679,\"62\":0.4531406768,\"63\":0.4236658109,\"64\":0.4161066671,\"65\":0.4056192574,\"66\":0.4093396126,\"67\":0.4097117127,\"68\":0.426539278,\"69\":0.4347237498,\"70\":0.4694939181,\"71\":0.4330456836,\"72\":0.4252096783,\"73\":0.432808841,\"74\":0.451369321,\"75\":0.4401142925,\"76\":0.4090895764,\"77\":0.4053029549,\"78\":0.4390885925,\"79\":0.404521835,\"80\":0.427318764,\"81\":0.4103963842,\"82\":0.4215024787,\"83\":0.4407412479,\"84\":0.4139809733,\"85\":0.4810062124,\"86\":0.4366535421,\"87\":0.421624036,\"88\":0.451875521,\"89\":0.4088344477,\"90\":0.429956583,\"91\":0.4202939773,\"92\":0.4393165039,\"93\":0.4026095039,\"94\":0.4047700385,\"95\":0.3964021754,\"96\":0.4294144371,\"97\":0.433614744,\"98\":0.3987772408,\"99\":0.4390223406}}", "knnr": "{\"k_opt\":{\"0\":5,\"1\":15,\"2\":5,\"3\":25,\"4\":10,\"5\":5,\"6\":5,\"7\":25,\"8\":5,\"9\":5,\"10\":5,\"11\":5,\"12\":5,\"13\":5,\"14\":5,\"15\":5,\"16\":5,\"17\":5,\"18\":5,\"19\":5,\"20\":15,\"21\":5,\"22\":5,\"23\":20,\"24\":5,\"25\":5,\"26\":5,\"27\":10,\"28\":5,\"29\":25,\"30\":5,\"31\":5,\"32\":25,\"33\":5,\"34\":5,\"35\":5,\"36\":5,\"37\":5,\"38\":15,\"39\":5,\"40\":25,\"41\":5,\"42\":20,\"43\":5,\"44\":10,\"45\":10,\"46\":25,\"47\":5,\"48\":5,\"49\":10,\"50\":15,\"51\":5,\"52\":10,\"53\":15,\"54\":5,\"55\":10,\"56\":20,\"57\":5,\"58\":25,\"59\":5,\"60\":5,\"61\":10,\"62\":15,\"63\":15,\"64\":5,\"65\":25,\"66\":20,\"67\":5,\"68\":15,\"69\":5,\"70\":25,\"71\":5,\"72\":5,\"73\":25,\"74\":5,\"75\":5,\"76\":10,\"77\":5,\"78\":5,\"79\":5,\"80\":10,\"81\":25,\"82\":5,\"83\":5,\"84\":5,\"85\":5,\"86\":5,\"87\":5,\"88\":5,\"89\":20,\"90\":5,\"91\":15,\"92\":5,\"93\":5,\"94\":5,\"95\":5,\"96\":20,\"97\":15,\"98\":5,\"99\":10},\"gms\":{\"0\":0.4071052914,\"1\":0.3855402645,\"2\":0.3952375903,\"3\":0.4370181591,\"4\":0.4263098579,\"5\":0.4286819352,\"6\":0.4319321427,\"7\":0.4214143838,\"8\":0.4803463851,\"9\":0.4270178409,\"10\":0.4236729252,\"11\":0.4369489301,\"12\":0.4325044471,\"13\":0.4375329698,\"14\":0.4504997283,\"15\":0.4145259725,\"16\":0.4712708266,\"17\":0.4142391742,\"18\":0.4285847911,\"19\":0.4462065325,\"20\":0.410272858,\"21\":0.437573376,\"22\":0.4204232753,\"23\":0.3922569216,\"24\":0.4190868342,\"25\":0.4290320595,\"26\":0.4262982071,\"27\":0.4198032068,\"28\":0.4307445085,\"29\":0.4060640256,\"30\":0.4408782414,\"31\":0.4229275324,\"32\":0.45477797,\"33\":0.444920661,\"34\":0.471739247,\"35\":0.4459089539,\"36\":0.4706343609,\"37\":0.4185957138,\"38\":0.4287978258,\"39\":0.4396733757,\"40\":0.4334875364,\"41\":0.4776234098,\"42\":0.4143555985,\"43\":0.4502639517,\"44\":0.4381200546,\"45\":0.4119580144,\"46\":0.443050958,\"47\":0.4522627703,\"48\":0.4306143078,\"49\":0.4418510776,\"50\":0.4136355079,\"51\":0.4813031678,\"52\":0.4297283361,\"53\":0.4309641169,\"54\":0.4268138938,\"55\":0.4486051012,\"56\":0.4659331374,\"57\":0.4009100463,\"58\":0.4382248241,\"59\":0.4397770967,\"60\":0.4372909029,\"61\":0.4329452812,\"62\":0.4473624657,\"63\":0.4450765773,\"64\":0.4462916216,\"65\":0.3919276675,\"66\":0.4162312171,\"67\":0.4573304216,\"68\":0.4271738361,\"69\":0.4392203811,\"70\":0.446688542,\"71\":0.4402586125,\"72\":0.4462136786,\"73\":0.443876956,\"74\":0.4530414904,\"75\":0.4186507907,\"76\":0.4105615455,\"77\":0.4161590684,\"78\":0.4479350144,\"79\":0.4257354486,\"80\":0.4057816039,\"81\":0.4474610203,\"82\":0.4420345022,\"83\":0.4304442477,\"84\":0.418424391,\"85\":0.4945570128,\"86\":0.4221089129,\"87\":0.436825211,\"88\":0.4430404031,\"89\":0.3983181462,\"90\":0.4327832034,\"91\":0.4173610965,\"92\":0.436517822,\"93\":0.4237095868,\"94\":0.3984533054,\"95\":0.3819248163,\"96\":0.4230672806,\"97\":0.4372153774,\"98\":0.4010461074,\"99\":0.434961129}}"}